#Scenario,tvV,tvCl,tvV2,tvCl2,CEps
WorkFlow,1.000000,,,,
WorkFlow,0.558562,1.000000,,,
WorkFlow,-0.054738,-0.765527,1.000000,,
WorkFlow,0.205417,0.184152,-0.083481,1.000000,
WorkFlow,0.300997,0.160354,0.184297,0.107648,1.000000
